103年8月各警察局近半年來易發生婦幼被害犯罪地點調查表,,,
編號,地點位置,管轄警察局,分局
1,澎湖縣馬公市中正路商圈周邊,澎湖縣政府警察局,馬公分局
2,澎湖縣馬公市惠民醫院周邊,澎湖縣政府警察局,馬公分局
3,澎湖縣馬公市第三漁港漁會周邊,澎湖縣政府警察局,馬公分局
4,澎湖縣馬公市生活博物館周邊,澎湖縣政府警察局,馬公分局
5,新竹縣竹北市文興路、自強南路附近,新竹縣政府警察局,竹北分局
6,新竹縣湖口鄉松江一街附近,新竹縣政府警察局,竹北分局
7,新竹縣竹北市中華路405巷附近,新竹縣政府警察局,竹北分局
8,新竹縣竹北市白帝街410巷附近,新竹縣政府警察局,竹北分局
9,新竹縣竹北市文興路、莊敬南路附近,新竹縣政府警察局,竹北分局
10,新竹縣竹北市文興路、嘉豐五路二段附近,新竹縣政府警察局,竹北分局
11,新竹縣竹北市文興路一段附近,新竹縣政府警察局,竹北分局
12,新竹縣竹北市縣政11街附近,新竹縣政府警察局,竹北分局
13,新竹縣竹北市福興東路附近,新竹縣政府警察局,竹北分局
14,新竹縣寶山鄉雙溪村明湖五街附近,新竹縣政府警察局,竹東分局
15,新竹縣寶山鄉明湖一街25巷附近,新竹縣政府警察局,竹東分局
16,宜蘭縣宜蘭市林森路後火車站,宜蘭縣政府警察局,宜蘭分局
17,宜蘭縣宜蘭市東港路2巷五大社區,宜蘭縣政府警察局,宜蘭分局
18,宜蘭縣宜蘭市中山路宜蘭橋下,宜蘭縣政府警察局,宜蘭分局
19,宜蘭縣宜蘭市舊城南路中山公園,宜蘭縣政府警察局,宜蘭分局
20,宜蘭縣鼻頭仔公園,宜蘭縣政府警察局,宜蘭分局
21,宜蘭縣員山鄉與大同鄉交界處,宜蘭縣政府警察局,宜蘭分局
22,宜蘭縣宜蘭市運動公園,宜蘭縣政府警察局,宜蘭分局
23,宜蘭縣羅東鎮竹義路2號竹義廟,宜蘭縣政府警察局,羅東分局
24,宜蘭縣羅東夜市,宜蘭縣政府警察局,羅東分局
25,宜蘭縣羅東火車站,宜蘭縣政府警察局,羅東分局
26,宜蘭縣羅東運動公園,宜蘭縣政府警察局,羅東分局
27,宜蘭縣安平大眾廟,宜蘭縣政府警察局,羅東分局
28,宜蘭縣羅東鎮義成路變電所,宜蘭縣政府警察局,羅東分局
29,宜蘭縣大進高壓變電所,宜蘭縣政府警察局,羅東分局
30,宜蘭縣頭城鎮協天宮,宜蘭縣政府警察局,礁溪分局
31,宜蘭縣頂埔火車站,宜蘭縣政府警察局,礁溪分局
32,宜蘭縣大福海邊,宜蘭縣政府警察局,礁溪分局
33,宜蘭縣永護廟,宜蘭縣政府警察局,礁溪分局
34,宜蘭縣圓山公園溫泉泳池周邊,宜蘭縣政府警察局,礁溪分局
35,宜蘭縣國工局周邊,宜蘭縣政府警察局,礁溪分局
36,宜蘭縣蘇澳火車站,宜蘭縣政府警察局,蘇澳分局
37,宜蘭縣蘇澳新火車站,宜蘭縣政府警察局,蘇澳分局
38,宜蘭縣豆腐岬,宜蘭縣政府警察局,蘇澳分局
39,宜蘭縣北濱公園,宜蘭縣政府警察局,蘇澳分局
40,宜蘭縣南澳火車站,宜蘭縣政府警察局,蘇澳分局
41,宜蘭縣清水地熱風景區,宜蘭縣政府警察局,三星分局
42,宜蘭縣分洪堰風景區,宜蘭縣政府警察局,三星分局
43,宜蘭縣崙埤河濱公園,宜蘭縣政府警察局,三星分局
44,宜蘭縣柑仔坑廟土地公,宜蘭縣政府警察局,三星分局
45,宜蘭縣三星鄉農義路二段,宜蘭縣政府警察局,三星分局
46,臺東縣卑南鄉文化公園公共廁所周邊,臺東縣警察局,臺東分局
47,臺東市興安路大圳自行車道,臺東縣警察局,臺東分局
48,臺東市更生北路（卑南國中棒球場後方周邊）,臺東縣警察局,臺東分局
49,臺東縣鹿野鄉瑞隆村10鄰佑民路（瑞隆村老人會館周邊）,臺東縣警察局,關山分局
50,臺東縣海端鄉崁頂村5鄰中石（紅石老人會館周邊）,臺東縣警察局,關山分局
51,雲林縣斗六市十三北路周邊,雲林縣警察局,斗六分局
52,雲林縣斗六市龍潭路附近周邊,雲林縣警察局,斗六分局
53,雲林縣斗六人文夜市周邊,雲林縣警察局,斗六分局
54,雲林縣南聖宮停車場周邊,雲林縣警察局,斗六分局
55,雲林縣斗六棒球場周邊,雲林縣警察局,斗六分局
56,雲林縣斗南田徑場(大同路)周邊,雲林縣警察局,斗南分局
57,雲林縣古坑鄉西平村西平路夜市周邊,雲林縣警察局,斗南分局
58,雲林縣斗南鎮將軍里他里霧埤周邊,雲林縣警察局,斗南分局
59,雲林縣特殊教育學校後門產業道路周邊,雲林縣警察局,斗南分局
60,雲林縣大埤鄉松竹村松東橋下涵洞周邊,雲林縣警察局,斗南分局
61,雲林縣虎尾鎮德興路段周邊,雲林縣警察局,虎尾分局
62,雲林縣虎尾鎮新興路段周邊,雲林縣警察局,虎尾分局
63,雲林縣崙背鄉豐榮村豐榮路段周邊,雲林縣警察局,西螺分局
64,雲林縣西螺鎮中興里延平路段周邊,雲林縣警察局,西螺分局
65,雲林縣西螺鎮福興路段周邊,雲林縣警察局,西螺分局
66,雲林縣北港鎮太平路（游泳池後方）路口周邊,雲林縣警察局,北港分局
67,雲林縣水林鄉灣東村碧清寺旁周邊,雲林縣警察局,北港分局
68,雲林縣口湖鄉港西村迎海園周邊,雲林縣警察局,北港分局
69,雲林縣臺西鄉蚊港村三姓路周邊,雲林縣警察局,臺西分局
70,雲林縣麥寮鄉橋頭國小許厝分校周邊,雲林縣警察局,臺西分局
71,雲林縣麥寮鄉臺17縣春保家具行旁臺61線天橋下周邊,雲林縣警察局,臺西分局
72,基隆市仁愛區愛三路周邊,基隆市警察局,第一分局　
73,基隆市仁愛區南榮路319巷內,基隆市警察局,第一分局　
74,基隆市仁愛區復興街周邊,基隆市警察局,第一分局　
75,基隆市中正區調和街市場周邊,基隆市警察局,第二分局　
76,基隆市中正區中船路周邊,基隆市警察局,第二分局　
77,基隆市中正區中正路151-1號周邊,基隆市警察局,第二分局　
78,基隆市中正區中正路393巷內,基隆市警察局,第二分局　
79,基隆市中正區平一360號海角公園周邊,基隆市警察局,第二分局　
80,基隆市信義區信二路體育場周邊,基隆市警察局,第二分局　
81,基隆市信義區東信路18號周邊,基隆市警察局,第二分局　
82,基隆市信義區深澳坑路36巷50弄10號公園周邊,基隆市警察局,第二分局　
83,基隆市七堵區大華一路周邊,基隆市警察局,第三分局
84,基隆市七堵區明德三路百福火車站周邊,基隆市警察局,第三分局
85,基隆市暖暖區八堵路142號前(228公園周邊),基隆市警察局,第三分局
86,基隆市暖暖區暖暖街570巷與530巷口(公園周邊),基隆市警察局,第三分局
87,基隆市暖暖區源遠路249巷河濱公園周邊,基隆市警察局,第三分局
88,基隆市七堵區石公潭旁道路周邊,基隆市警察局,第三分局
89,基隆市七堵區大成街15號周邊,基隆市警察局,第三分局
90,基隆市安樂區麥金路428號婦幼館周邊,基隆市警察局,第四分局
91,基隆市安樂區安樂路一段與樂一路交叉口周邊,基隆市警察局,第四分局
92,基隆市安樂區武訓街工業區內,基隆市警察局,第四分局
93,基隆市安樂區基金一路208巷內長庚醫院周邊,基隆市警察局,第四分局
94,基隆市中山區復興路336號經國管理學院周邊,基隆市警察局,第四分局
95,基隆市中山區中和路168巷13弄底龍神廟周邊,基隆市警察局,第四分局
96,基隆市中山區西華里西定路166號聖心小學周邊,基隆市警察局,第四分局
97,高雄市新興區七賢一路,高雄市政府警察局,新興分局
98,高雄市新興區七賢二路,高雄市政府警察局,新興分局
99,高雄市新興區洛陽街,高雄市政府警察局,新興分局
100,高雄市新興區信守街,高雄市政府警察局,新興分局
101,高雄市新興區民生一路,高雄市政府警察局,新興分局
102,高雄市新興區復興一路,高雄市政府警察局,新興分局
103,高雄市新興區中華三路,高雄市政府警察局,新興分局
104,高雄市新興區六合一路,高雄市政府警察局,新興分局
105,高雄市新興區六合二路,高雄市政府警察局,新興分局
106,高雄市新興區復興二路(雄商圍牆外人行道上),高雄市政府警察局,新興分局
107,高雄市新興區仁愛街、德智街口(公園旁),高雄市政府警察局,新興分局
108,高雄市新興區五福二路、仁愛街口,高雄市政府警察局,新興分局
109,高雄市苓雅區武昌、武義街口,高雄市政府警察局,苓雅分局
110,高雄市苓雅區成功、苓雅路口,高雄市政府警察局,苓雅分局
111,高雄市苓雅區興中、仁智街口,高雄市政府警察局,苓雅分局
112,高雄市苓雅區和平、泰順路口,高雄市政府警察局,苓雅分局
113,高雄市苓雅區林西、廣東二街口,高雄市政府警察局,苓雅分局
114,高雄市苓雅區三多、文橫路口,高雄市政府警察局,苓雅分局
115,高雄市苓雅區苓雅、文武三街口,高雄市政府警察局,苓雅分局
116,高雄市苓雅區中山、新光路口,高雄市政府警察局,苓雅分局
117,高雄市苓雅區三多、武嶺街口,高雄市政府警察局,苓雅分局
118,高雄市苓雅區五福、廣州街口,高雄市政府警察局,苓雅分局
119,高雄市苓雅區五福一路,高雄市政府警察局,苓雅分局
120,高雄市苓雅區自強三路,高雄市政府警察局,苓雅分局
121,高雄市苓雅區中正、輔仁路口,高雄市政府警察局,苓雅分局
122,高雄市苓雅區福德、武漢街口,高雄市政府警察局,苓雅分局
123,高雄市苓雅區福德路上福東國小校門前,高雄市政府警察局,苓雅分局
124,高雄市苓雅區英明路福康國小校門口,高雄市政府警察局,苓雅分局
125,高雄市苓雅區憲政、安康路口,高雄市政府警察局,苓雅分局
126,高雄市苓雅區福德路福東國小前,高雄市政府警察局,苓雅分局
127,高雄市苓雅區英明路福康國小前,高雄市政府警察局,苓雅分局
128,高雄市三民區博愛、九如路口,高雄市政府警察局,三民一分局
129,高雄市三民區十全二路玉市商場附近,高雄市政府警察局,三民一分局
130,高雄市三民區同協路沿線,高雄市政府警察局,三民一分局
131,高雄市三民區重慶、北平路口,高雄市政府警察局,三民一分局
132,高雄市三民區三民街三民市場段,高雄市政府警察局,三民一分局
133,高雄市三民區力行、中都路口,高雄市政府警察局,三民一分局
134,高雄市三民區凱國、凱歌路之建國路段,高雄市政府警察局,三民一分局
135,高雄市三民區建國三路、河北二路沿線,高雄市政府警察局,三民一分局
136,高雄市三民區自立路橋周邊,高雄市政府警察局,三民一分局
137,高雄市三民區憲政、凱歌路口,高雄市政府警察局,三民一分局
138,高雄市三民區青島、熱河街口,高雄市政府警察局,三民一分局
139,高雄市三民區自由、察哈爾街口,高雄市政府警察局,三民一分局
140,高雄市三民區松江、察哈爾街口(公園),高雄市政府警察局,三民一分局
141,高雄市三民區大豐一路,高雄市政府警察局,三民二分局
142,高雄市三民區九如一路,高雄市政府警察局,三民二分局
143,高雄市三民區大昌一路29巷,高雄市政府警察局,三民二分局
144,高雄市三民區金山路,高雄市政府警察局,三民二分局
145,高雄市三民區鼎山一路,高雄市政府警察局,三民二分局
146,高雄市三民區建工路,高雄市政府警察局,三民二分局
147,高雄市三民區壽昌街,高雄市政府警察局,三民二分局
148,高雄市三民區永年街1巷,高雄市政府警察局,三民二分局
149,高雄市三民區克武路,高雄市政府警察局,三民二分局
150,高雄市三民區育英街,高雄市政府警察局,三民二分局
151,高雄市三民區義永路,高雄市政府警察局,三民二分局
152,高雄市三民區和順街,高雄市政府警察局,三民二分局
153,高雄市三民區鼎金1巷,高雄市政府警察局,三民二分局
154,高雄市三民區鼎金六巷,高雄市政府警察局,三民二分局
155,高雄市三民區灣中街,高雄市政府警察局,三民二分局
156,高雄市三民區鼎新路,高雄市政府警察局,三民二分局
157,高雄市三民區明仁路,高雄市政府警察局,三民二分局
158,高雄市三民區水源路,高雄市政府警察局,三民二分局
159,高雄市三民區明誠一路,高雄市政府警察局,三民二分局
160,高雄市三民區義安街,高雄市政府警察局,三民二分局
161,高雄市三民區明禮路,高雄市政府警察局,三民二分局
162,高雄市三民區鼎金後路,高雄市政府警察局,三民二分局
163,高雄市鹽埕區音樂館,高雄市政府警察局,鹽埕分局
164,高雄市鹽埕區大仁路,高雄市政府警察局,鹽埕分局
165,高雄市鹽埕區富野路,高雄市政府警察局,鹽埕分局
166,高雄市鹽埕區必忠街,高雄市政府警察局,鹽埕分局
167,高雄市鹽埕區建國四路(全家超商),高雄市政府警察局,鹽埕分局
168,高雄市左營區蓮潭路→民潭路→翠華路,高雄市政府警察局,左營分局
169,高雄市左營區富民、民誠路口,高雄市政府警察局,左營分局
170,高雄市左營區南屏、裕誠路口,高雄市政府警察局,左營分局
171,高雄市左營區重實新村,高雄市政府警察局,左營分局
172,高雄市左營區果貿新村,高雄市政府警察局,左營分局
173,高雄市左營區新莊仔路(翠華至勝利路口),高雄市政府警察局,左營分局
174,高雄市左營區舊城巷,高雄市政府警察局,左營分局
175,高雄市左營區軍校路國軍左營醫院附近,高雄市政府警察局,左營分局
176,高雄市左營區博愛三、大中二路口,高雄市政府警察局,左營分局
177,高雄市左營區民族路文藻學院附近,高雄市政府警察局,左營分局
178,高雄市左營區高鐵原生植物園附近,高雄市政府警察局,左營分局
179,高雄市鼓山區美術東四路沿線,高雄市政府警察局,鼓山分局
180,高雄市鼓山區凹仔底公園,高雄市政府警察局,鼓山分局
181,高雄市鼓山區龍勝路,高雄市政府警察局,鼓山分局
182,高雄市鼓山區龍德路,高雄市政府警察局,鼓山分局
183,高雄市鼓山區美術南二路,高雄市政府警察局,鼓山分局
184,高雄市鼓山區裕民街,高雄市政府警察局,鼓山分局
185,高雄市鼓山區九如、吳鳳路口,高雄市政府警察局,鼓山分局
186,高雄市鼓山區鼓山三路,高雄市政府警察局,鼓山分局
187,高雄市鼓山區逢甲、銘傳路85巷口,高雄市政府警察局,鼓山分局
188,高雄市鼓山區臨海二路30巷,高雄市政府警察局,鼓山分局
189,高雄市旗津區廟前路(旗津天后宮),高雄市政府警察局,鼓山分局
190,高雄市前鎮區英明一路,高雄市政府警察局,前鎮分局
191,高雄市前鎮區一心一路,高雄市政府警察局,前鎮分局
192,高雄市前鎮區中山、鎮中路口,高雄市政府警察局,前鎮分局
193,高雄市前鎮區佛公、佛道路口,高雄市政府警察局,前鎮分局
194,高雄市前鎮區明道二街,高雄市政府警察局,前鎮分局
195,高雄市前鎮區中山、復興路口,高雄市政府警察局,前鎮分局
196,高雄市前鎮區時代大道,高雄市政府警察局,前鎮分局
197,高雄市前鎮區一心、文衡路口,高雄市政府警察局,前鎮分局
198,高雄市前鎮區二聖、修文路口,高雄市政府警察局,前鎮分局
199,高雄市前鎮區瑞泰、保泰路口(崗山仔公園),高雄市政府警察局,前鎮分局
200,高雄市前鎮區瑞福、瑞安路口(瑞福公園),高雄市政府警察局,前鎮分局
201,高雄市前鎮區永豐、保泰路口,高雄市政府警察局,前鎮分局
202,高雄市小港區港平路,高雄市政府警察局,小港分局
203,高雄市小港區平河西路,高雄市政府警察局,小港分局
204,高雄市小港區平和東、平河南路口,高雄市政府警察局,小港分局
205,高雄市小港區東亞路,高雄市政府警察局,小港分局
206,高雄市小港區翠亨南、平河東路口,高雄市政府警察局,小港分局
207,高雄市小港區漢美街,高雄市政府警察局,小港分局
208,高雄市小港區平和十路、鋼平街口,高雄市政府警察局,小港分局
209,高雄市小港區桂義街、桂德街口,高雄市政府警察局,小港分局
210,高雄市小港區華昌街93巷口,高雄市政府警察局,小港分局
211,高雄市小港區桂陽、桂明街口,高雄市政府警察局,小港分局
212,高雄市小港區高松、山田路口,高雄市政府警察局,小港分局
213,高雄市小港區高松路高架橋下,高雄市政府警察局,小港分局
214,高雄市小港區高松、松金街口,高雄市政府警察局,小港分局
215,高雄市小港區松和路,高雄市政府警察局,小港分局
216,高雄市小港區華山路段,高雄市政府警察局,小港分局
217,高雄市小港區漢民、金府路口,高雄市政府警察局,小港分局
218,高雄市小港區R3捷運站出口,高雄市政府警察局,小港分局
219,高雄市小港區學府路(小港高中)附近,高雄市政府警察局,小港分局
220,高雄市楠梓區大學西路、大學南路口,高雄市政府警察局,楠梓分局
221,高雄市楠梓區廣昌里廣昌街141巷底,高雄市政府警察局,楠梓分局
222,高雄市楠梓區海軍圍牆便),高雄市政府警察局,楠梓分局
223,高雄市楠梓區五庫六街與土庫八街口,高雄市政府警察局,楠梓分局
224,高雄市楠梓區翠屏里活動中心及周邊 公園,高雄市政府警察局,楠梓分局
225,高雄市鳳山區五甲一路,高雄市政府警察局,鳳山分局
226,高雄市鳳山區大明路,高雄市政府警察局,鳳山分局
227,高雄市鳳山區勝利路,高雄市政府警察局,鳳山分局
228,高雄市鳳山區鳳松路,高雄市政府警察局,鳳山分局
229,高雄市鳳山區鳳南一路31巷,高雄市政府警察局,鳳山分局
230,高雄市鳳山區濱山街55巷,高雄市政府警察局,鳳山分局
231,高雄市仁武區澄觀路,高雄市政府警察局,仁武分局
232,高雄市仁武區仁雄路,高雄市政府警察局,仁武分局
233,高雄市鳥松區本館路,高雄市政府警察局,仁武分局
234,高雄市鳥松區水管路,高雄市政府警察局,仁武分局
235,高雄市大社區中山路,高雄市政府警察局,仁武分局
236,高雄市仁武區鳳仁路,高雄市政府警察局,仁武分局
237,高雄市鳥松區神農路,高雄市政府警察局,仁武分局
238,高雄市林園區林園北路,高雄市政府警察局,林園分局
239,高雄市林園區忠孝、文化路口,高雄市政府警察局,林園分局
240,高雄市大寮區鳳林二路,高雄市政府警察局,林園分局
241,高雄市大寮區會社里正氣路段,高雄市政府警察局,林園分局
242,高雄市大寮區內坑里坑路段,高雄市政府警察局,林園分局
243,高雄市大寮區會社李力行路88夜市前,高雄市政府警察局,林園分局
244,高雄市岡山區岡山路大遼路、大遼二路,高雄市政府警察局,岡山分局
245,高雄市岡山區竹圍北街、竹圍中街,高雄市政府警察局,岡山分局
246,高雄市岡山區岡山路、河華路,高雄市政府警察局,岡山分局
247,高雄市岡山區鳳旗、保糖路,高雄市政府警察局,岡山分局
248,高雄市岡山區安北、中民路,高雄市政府警察局,岡山分局
249,高雄市路竹區文化路,高雄市政府警察局,湖內分局
250,高雄市路竹區延平路與中和街口,高雄市政府警察局,湖內分局
251,高雄市路竹火車站周邊,高雄市政府警察局,湖內分局
252,高雄市路竹區忠孝路26巷口,高雄市政府警察局,湖內分局
253,高雄市路竹區延平路果菜市場周邊,高雄市政府警察局,湖內分局
254,高雄市路竹區中正路民有市場周邊,高雄市政府警察局,湖內分局
255,高雄市路竹區中山路,高雄市政府警察局,湖內分局
256,高雄市路竹區保民路,高雄市政府警察局,湖內分局
257,高雄市路竹區國昌路,高雄市政府警察局,湖內分局
258,高雄市路竹區中興路,高雄市政府警察局,湖內分局
259,高雄市路竹區中華路,高雄市政府警察局,湖內分局
260,高雄市路竹區華正路,高雄市政府警察局,湖內分局
261,高雄市路竹區智仁街,高雄市政府警察局,湖內分局
262,高雄市湖內區東方路,高雄市政府警察局,湖內分局
263,高雄市湖內區中山路1段,高雄市政府警察局,湖內分局
264,高雄市湖內區民權路,高雄市政府警察局,湖內分局
265,高雄市湖內區民生街,高雄市政府警察局,湖內分局
266,高雄市湖內區中正路2段,高雄市政府警察局,湖內分局
267,高雄市湖內區中山路2段,高雄市政府警察局,湖內分局
268,高雄市茄萣區白砂路,高雄市政府警察局,湖內分局
269,高雄市茄萣區忠孝街,高雄市政府警察局,湖內分局
270,高雄市茄萣區仁愛路3段,高雄市政府警察局,湖內分局
271,高雄市阿蓮區中正路,高雄市政府警察局,湖內分局
272,高雄市阿蓮區民族路,高雄市政府警察局,湖內分局
273,高雄市阿蓮區民權路120巷,高雄市政府警察局,湖內分局
274,高雄市阿蓮區港後里崙頂,高雄市政府警察局,湖內分局
275,高雄市阿蓮區忠孝路,高雄市政府警察局,湖內分局
276,高雄市旗山區花旗一路,高雄市政府警察局,旗山分局
277,高雄市美濃區成功路,高雄市政府警察局,旗山分局
278,高雄市杉林區大愛路,高雄市政府警察局,旗山分局
279,高雄市杉林區司馬路,高雄市政府警察局,旗山分局
280,高雄市杉林區合心路,高雄市政府警察局,旗山分局
281,高雄市杉林區茄苳巷,高雄市政府警察局,旗山分局
282,高雄市甲仙區和南巷,高雄市政府警察局,旗山分局
283,高雄市六龜區那瑪夏(民族教會),高雄市政府警察局,六龜分局
284,高雄市六龜區建山國小廁所,高雄市政府警察局,六龜分局
285,高雄市六龜區桃源區桃源里(長青活動中心),高雄市政府警察局,六龜分局
286,臺南市新營區民治路156巷2-18號至22號附近,臺南市政府警察局,新營分局
287,臺南市新營區民治路154號至198號附近,臺南市政府警察局,新營分局
288,臺南市新營區新北五街56至76號附近,臺南市政府警察局,新營分局
289,臺南市新營區秦漢街54-74號附近,臺南市政府警察局,新營分局
290,臺南市白河區新興路536號~550號附近,臺南市政府警察局,白河分局
291,臺南市白河區裕農路352號~372號附近,臺南市政府警察局,白河分局
292,臺南市麻豆區文昌路15號至45號附近,臺南市政府警察局,麻豆分局
293,臺南市六甲區民權街38巷20號至30號附近,臺南市政府警察局,麻豆分局
294,臺南市佳里區三協里後庄10-50號附近,臺南市政府警察局,佳里分局
295,臺南市七股區十份里50-100號附近,臺南市政府警察局,佳里分局
296,臺南市佳里區平等街12-28號附近,臺南市政府警察局,佳里分局
297,臺南市學甲區平和里西平寮1號至11號慈良宮附近,臺南市政府警察局,學甲分局
298,臺南市將軍區西和里50號至120號附近,臺南市政府警察局,學甲分局
299,臺南市北門區中樞里二重港125號至137號附近,臺南市政府警察局,學甲分局
300,臺南市新市區中正路300至400號附近,臺南市政府警察局,善化分局
301,臺南市善化區和平路131至141號附近,臺南市政府警察局,善化分局
302,臺南市大內區大內里61至63號附近,臺南市政府警察局,善化分局
303,臺南市新化區中山路85-95號附近,臺南市政府警察局,新化分局
304,臺南市新化區中山路111巷30-50號附近,臺南市政府警察局,新化分局
305,臺南市新化區武安里和平街120-140附近,臺南市政府警察局,新化分局
306,臺南市新化區唪口里大德路42-56號附近,臺南市政府警察局,新化分局
307,臺南市仁德區中正路3段351號至370號附近,臺南市政府警察局,歸仁分局
308,臺南市仁德區文山路21號至221號附近,臺南市政府警察局,歸仁分局
309,臺南市玉井區大成路150號至156號附近,臺南市政府警察局,玉井分局
310,臺南市玉井區中正路1號至10號附近,臺南市政府警察局,玉井分局
311,臺南市玉井鄉大成路479巷1號至15號附近,臺南市政府警察局,玉井分局
312,臺南市楠西區中興路105號至108號附近,臺南市政府警察局,玉井分局
313,臺南市楠西區東勢路100號至120號附近,臺南市政府警察局,玉井分局
314,臺南市南化區北寮里130號至140號附近,臺南市政府警察局,玉井分局
315,臺南市永康區大灣路400-500號附近,臺南市政府警察局,永康分局
316,臺南市永康區國華街20-160號附近,臺南市政府警察局,永康分局
317,臺南市永康區中華路899-1003號附近,臺南市政府警察局,永康分局
318,臺南市東區林森路一段300~350號附近,臺南市政府警察局,第一分局
319,臺南市東區小東路31~90號附近,臺南市政府警察局,第一分局
320,臺南市東區莊敬路250~300號附近,臺南市政府警察局,第一分局
321,臺南市東區中華東路200~250號附近,臺南市政府警察局,第一分局
322,臺南市東區崇德26街40~60號附近,臺南市政府警察局,第一分局
323,臺南市中西區慶中街31-39號附近,臺南市政府警察局,第二分局
324,臺南市中西區健康路1段174巷8-16號附近,臺南市政府警察局,第二分局
325,臺南市中西區萬昌街131-139號附近,臺南市政府警察局,第二分局
326,臺南市中西區大同路1段51巷10-18號附近,臺南市政府警察局,第二分局
327,臺南市中西區中成路10-20號附近,臺南市政府警察局,第二分局
328,臺南市中西區公園路95巷24-30號附近,臺南市政府警察局,第二分局
329,臺南市中西區正德街40-50號附近,臺南市政府警察局,第二分局
330,臺南市中西區康樂街150-160號附近,臺南市政府警察局,第二分局
331,臺南市中西區國華街2段71巷9-15號附近,臺南市政府警察局,第二分局
332,臺南市中西區永華路1段196巷16-22號附近,臺南市政府警察局,第二分局
333,臺南市中西區武聖路41-49號附近,臺南市政府警察局,第二分局
334,臺南市中西區成功路301-309號附近,臺南市政府警察局,第二分局
335,臺南市安南區公學路6段469巷46-56號附近,臺南市政府警察局,第三分局
336,臺南市安南區公學路7段97巷80-100號附近,臺南市政府警察局,第三分局
337,臺南市安南區北安路三段302-312號附近,臺南市政府警察局,第三分局
338,臺南市安南區安中路四段211-399號附近,臺南市政府警察局,第三分局
339,臺南市安南區海佃路一段345巷10-54號附近,臺南市政府警察局,第三分局
340,臺南市安南區海佃路一段309-359號附近,臺南市政府警察局,第三分局
341,臺南市安平區建平十七街155號至175號附近,臺南市政府警察局,第四分局
342,臺南市安平區建平三街212號至232號附近,臺南市政府警察局,第四分局
343,臺南市安平區育平路171至191號附近,臺南市政府警察局,第四分局
344,臺南市安平區延平街41號至61號附近,臺南市政府警察局,第四分局
345,臺南市安平區建平十七街33號至53號附近,臺南市政府警察局,第四分局
346,臺南市安平區慶平路402~422號附近,臺南市政府警察局,第四分局
347,臺南市北區大興街325巷33～50號附近,臺南市政府警察局,第五分局
348,臺南市北區育德二路51巷65-80號附近,臺南市政府警察局,第五分局
349,臺南市北區文賢路1122巷34弄10-20號附近,臺南市政府警察局,第五分局
350,臺南市南區健康路二段500號-600號附近,臺南市政府警察局,第六分局
351,臺南市南區西門路1段279巷1號-100號附近,臺南市政府警察局,第六分局
352,臺南市南區健康路一段221號-335號附近,臺南市政府警察局,第六分局
353,臺南市南區新興路461巷6弄1號-100號附近,臺南市政府警察局,第六分局
354,臺南市南區金華路二段63巷1號-100號附近,臺南市政府警察局,第六分局
355,臺南市南區金華路二段228巷10號-90號附近,臺南市政府警察局,第六分局
356,臺南市南區國民路270巷6弄1號-80號附近,臺南市政府警察局,第六分局
357,嘉義市西區北榮街(MTV),嘉義市政府警察局,第一分局
358,嘉義市西區四維路(汽車旅館),嘉義市政府警察局,第一分局
359,嘉義市公明路附近路段,嘉義市政府警察局,第二分局
360,嘉義市吳鳳南路與軍輝路口附近路段,嘉義市政府警察局,第二分局
361,嘉義市文化路中央公園附近路段,嘉義市政府警察局,第二分局
362,嘉義市忠孝路346巷附近路段,嘉義市政府警察局,第二分局
363,臺北市大同區重慶北路2段(北起民權西路、南迄民生西路),臺北市政府警察局,大同分局
364,臺北市大同區太原路 〈北起南京西路、南迄鄭州街〉,臺北市政府警察局,大同分局
365,臺北市北投區吉利街沿線,臺北市政府警察局,北投分局
366,臺北市中正區中華路1段一帶,臺北市政府警察局,中正第一分局
367,臺北市中正區濟南路2段一帶,臺北市政府警察局,中正第一分局
368,臺北市中正區忠孝西路1段一帶,臺北市政府警察局,中正第一分局
369,臺北市中正區忠孝西路1段50-1號,臺北市政府警察局,中正第一分局
370,臺北市中正區公園路一帶,臺北市政府警察局,中正第一分局
371,臺北市中正區羅斯福路3段286巷,臺北市政府警察局,中正第二分局
372,臺北市中正區臺北捷運公館1號出口,臺北市政府警察局,中正第二分局
373,臺北市中正區辛亥路1段12巷,臺北市政府警察局,中正第二分局
374,臺北市中正區南昌路一段24巷內,臺北市政府警察局,中正第二分局
375,臺北市中正區羅斯福路2段66巷內,臺北市政府警察局,中正第二分局
376,臺北市中正區南海路105號國盛國宅一帶,臺北市政府警察局,中正第二分局
377,臺北市中正區寧波西街181巷內永寬公園,臺北市政府警察局,中正第二分局
378,臺北市中正區廈門街至和平西路一帶,臺北市政府警察局,中正第二分局
379,臺北市中正區延平南路一帶商家(和平西路至愛國西路),臺北市政府警察局,中正第二分局
380,臺北市中正區寧波西街(泉州街至重慶南路),臺北市政府警察局,中正第二分局
381,臺北市文山區羅斯福路六段401巷景美捷運站一號出口,臺北市政府警察局,文山第二分局
382,臺北市文山區景行公園,臺北市政府警察局,文山第二分局
383,臺北市文山區汀洲路四段88號（師大分部）後面,臺北市政府警察局,文山第二分局
384,臺北市文山區基隆路四段與汀州路四段路口,臺北市政府警察局,文山第二分局
385,臺北市文山區興德路66巷往萬美國宅階梯處,臺北市政府警察局,文山第二分局
386,臺北市文山區萬芳醫院捷運站(興隆路3段111號),臺北市政府警察局,文山第二分局
387,臺北市文山區辛亥捷運站(辛亥路4段128號),臺北市政府警察局,文山第二分局
388,臺北市內湖區內湖路3段60巷50弄,臺北市政府警察局,內湖分局
389,臺北市內湖區內湖路1段,臺北市政府警察局,內湖分局
390,臺北市中山區林森北路與德惠街口,臺北市政府警察局,中山分局
391,臺北市中山區松江路與南京東路口,臺北市政府警察局,中山分局
392,臺北市中山區朱崙街(龍江路至復興北路沿線),臺北市政府警察局,中山分局
393,臺北市中山區松錦2號公園,臺北市政府警察局,中山分局
394,臺北市中山區建國北路三段113巷至民族東路,臺北市政府警察局,中山分局
395,臺北市中山區北安路400巷內,臺北市政府警察局,中山分局
396,臺北市文山區指南路一段道南橋下(含指南路一段道南橋頭),臺北市政府警察局,文山第一分局
397,臺北市文山區木新路三段及一壽街附近一帶,臺北市政府警察局,文山第一分局
398,臺北市文山區試院路單號,臺北市政府警察局,文山第一分局
399,臺北市文山區新光路一段河堤沿線,臺北市政府警察局,文山第一分局
400,臺北市文山區木柵路四段96號。,臺北市政府警察局,文山第一分局
401,臺北市信義區松壽路20巷口周邊,臺北市政府警察局,信義分局
402,臺北市信義區福德街251巷7弄周邊,臺北市政府警察局,信義分局
403,臺北市信義區雅祥公園,臺北市政府警察局,信義分局
404,臺北市信義區三犁里中強公園周邊(信義路5段150巷),臺北市政府警察局,信義分局
405,臺北市信義區和平東路三段391巷8弄周邊,臺北市政府警察局,信義分局
406,臺北市士林區美崙街190號旁(基河路底),臺北市政府警察局,士林分局
407,臺北市士林區延平北路6段308號,臺北市政府警察局,士林分局
408,臺北市士林區忠誠路2段207巷內(運動公園周邊),臺北市政府警察局,士林分局
409,臺北市士林區光華路26巷,臺北市政府警察局,士林分局
410,臺北市士林區永公路245巷34弄底6之6重劃區周邊,臺北市政府警察局,士林分局
411,臺北市萬華區康定路、桂林路口,臺北市政府警察局,萬華分局
412,臺北市萬華區中華路一段90號路段,臺北市政府警察局,萬華分局
413,臺北市萬華區峨眉街28號路段,臺北市政府警察局,萬華分局
414,臺北市萬華區昆明街79號路段,臺北市政府警察局,萬華分局
415,臺北市萬華區西藏路222號路段,臺北市政府警察局,萬華分局
416,臺北市萬華區寶興街80巷10號路段,臺北市政府警察局,萬華分局
417,臺北市萬華區環河南路二段245-臨338號路段,臺北市政府警察局,萬華分局
418,臺北市萬華區水源路199號內藍球場路段,臺北市政府警察局,萬華分局
419,臺北市萬華區萬大路424巷97號旁三角公園路段,臺北市政府警察局,萬華分局
420,臺北市萬華區萬大路542號路段。,臺北市政府警察局,萬華分局
421,臺北市松山區健康路325巷25弄,臺北市政府警察局,松山分局
422,臺北市松山區松河街4號水門內,臺北市政府警察局,松山分局
423,臺北市松山區八德路4段106巷,臺北市政府警察局,松山分局
424,臺北市松山區復興北路15號附近,臺北市政府警察局,松山分局
425,臺北市松山區八德路2段346巷5弄附近,臺北市政府警察局,松山分局
426,臺北市松山區民生東路5段、撫遠街口,臺北市政府警察局,松山分局
427,臺北市松山區南京東路4段13號,臺北市政府警察局,松山分局
428,臺北市松山區長春路339巷內公園,臺北市政府警察局,松山分局
429,臺北市南港區中坡南路51號(玉成公園),臺北市政府警察局,南港分局
430,臺北市南港區研究院路二段12巷底(中研公園),臺北市政府警察局,南港分局
431,屏東縣萬丹鄉萬壽路2段,屏東縣政府警察局,屏東分局
432,屏東縣屏東市公館里公興路165巷,屏東縣政府警察局,屏東分局
433,屏東縣長治鄉崙上村中興路433巷,屏東縣政府警察局,屏東分局
434,屏東縣東港鎮文昌街,屏東縣政府警察局,東港分局
435,屏東縣長治鄉復興路,屏東縣政府警察局,屏東分局
436,屏東縣佳冬鄉玉光村中華路31巷,屏東縣政府警察局,枋寮分局
437,屏東縣屏東市武順街135巷,屏東縣政府警察局,屏東分局
438,屏東縣佳冬鄉佳農街,屏東縣政府警察局,枋寮分局
439,屏東縣屏東市橋北里民風巷,屏東縣政府警察局,屏東分局
440,屏東縣東港鎮嘉蓮里嘉蓮路,屏東縣政府警察局,東港分局
441,屏東縣屏東市潭墘里勝利路,屏東縣政府警察局,屏東分局
442,屏東縣枋山鄉枋山村中山路3段,屏東縣政府警察局,枋寮分局
443,屏東縣來義鄉文樂村新樂路,屏東縣政府警察局,潮州分局
444,屏東縣南州鄉米崙村運動公園內,屏東縣政府警察局,東港分局
445,屏東縣新埤鄉箕湖村進化路,屏東縣政府警察局,潮州分局
446,屏東縣萬丹鄉萬全村萬丹路1段,屏東縣政府警察局,屏東分局
447,屏東縣南州鄉米崙村精明路,屏東縣政府警察局,東港分局
448,屏東縣屏東市大洲里大成路,屏東縣政府警察局,屏東分局
449,屏東縣東港鎮船頭里嘉新路128,屏東縣政府警察局,東港分局
450,屏東縣三地門鄉賽嘉村賽嘉巷,屏東縣政府警察局,里港分局
451,屏東縣內埔鄉黎明村田野,屏東縣政府警察局,內埔分局
452,屏東縣恆春鎮下水泉路及白砂灣路邊,屏東縣政府警察局,恆春分局
453,屏東縣屏東市擇仁里建華街,屏東縣政府警察局,屏東分局
454,屏東縣佳冬鄉塭田路107巷,屏東縣政府警察局,枋寮分局
455,屏東縣東港鎮興漁里興漁街,屏東縣政府警察局,東港分局
456,屏東縣長治鄉崙上村,屏東縣政府警察局,屏東分局
457,屏東縣潮州鎮新生里平安路,屏東縣政府警察局,潮州分局
458,屏東縣屏東市永光里大同路,屏東縣政府警察局,屏東分局
459,屏東縣屏東市迪化街,屏東縣政府警察局,屏東分局
460,屏東縣屏東市勝利路,屏東縣政府警察局,屏東分局
461,屏東縣滿州鄉滿州村中正路,屏東縣政府警察局,恆春分局
462,屏東縣獅子鄉楓林村楓林一巷,屏東縣政府警察局,枋寮分局
463,屏東縣九如鄉東寧村高速公路橋下,屏東縣政府警察局,里港分局
464,屏東縣屏東市豐田里民學路,屏東縣政府警察局,屏東分局
465,屏東縣恆春鎮頭溝里頭溝路,屏東縣政府警察局,恆春分局
466,屏東縣潮州鎮三共里進化路,屏東縣政府警察局,潮州分局
467,屏東縣鹽埔鄉某國民小學,屏東縣政府警察局,里港分局
468,屏東縣新埤鄉萬隆村平山路,屏東縣政府警察局,潮州分局
469,屏東縣來義鄉義新路,屏東縣政府警察局,潮州分局
470,屏東縣九如鄉九如路汽車旅館,屏東縣政府警察局,里港分局
471,屏東縣里港鄉三和路,屏東縣政府警察局,里港分局
472,屏東縣高樹鄉新豐村義興路,屏東縣政府警察局,里港分局
473,屏東縣枋寮鄉安樂村中山路109巷,屏東縣政府警察局,枋寮分局
474,屏東縣潮州鎮永春里萬隆街,屏東縣政府警察局,潮州分局
475,屏東縣潮州鎮永春里萬隆街105巷,屏東縣政府警察局,潮州分局
476,屏東縣潮州鎮三共里朝昇路206巷,屏東縣政府警察局,潮州分局
477,屏東縣崁頂鄉北勢村後?路,屏東縣政府警察局,東港分局
478,屏東縣內埔鄉龍泉村必勝路,屏東縣政府警察局,內埔分局
479,屏東縣屏東市崇武里華盛街,屏東縣政府警察局,屏東分局
480,屏東縣屏東市光復路,屏東縣政府警察局,屏東分局
481,屏東縣屏東市仁愛路,屏東縣政府警察局,屏東分局
482,屏東縣九如鄉耆老村耆老路190巷,屏東縣政府警察局,里港分局
483,屏東縣屏東市和生路2段,屏東縣政府警察局,屏東分局
484,屏東縣屏東市金泉里民生路,屏東縣政府警察局,屏東分局
485,屏東縣高樹鄉泰山村產業路,屏東縣政府警察局,里港分局
486,屏東縣九如鄉玉泉村榮泉街55巷,屏東縣政府警察局,里港分局
487,屏東縣里港鄉玉田村玉田路,屏東縣政府警察局,里港分局
488,屏東縣萬丹鄉廣安村萬丹路3段,屏東縣政府警察局,屏東分局
489,屏東縣長治鄉新潭村新民街,屏東縣政府警察局,屏東分局
490,屏東縣潮州鎮永春里萬學街,屏東縣政府警察局,潮州分局
491,南投縣南投市南投市平山一路段,南投縣政府警察局,南投分局
492,南投縣南投市南投市大庄路段,南投縣政府警察局,南投分局
493,南投縣南投市南投市祖祠路段,南投縣政府警察局,南投分局
494,草屯鎮大成街停車場,南投縣政府警察局,草屯分局
495,南投縣草屯鎮中山里碧山路、草溪路（中山段）,南投縣政府警察局,草屯分局
496,草屯鎮新豐里中正路（新豐段）,南投縣政府警察局,草屯分局
497,南投縣草屯鎮敦和里敦和路、博愛路（敦和段）,南投縣政府警察局,草屯分局
498,草屯鎮明正里忠孝街（明正段）,南投縣政府警察局,草屯分局
499,南投縣草屯鎮上林里省府路、富林路三段（上林段）,南投縣政府警察局,草屯分局
500,草屯鎮御史里中正路、登輝路（御史段）,南投縣政府警察局,草屯分局
501,南投縣草屯鎮新庄里日新街（新庄段）,南投縣政府警察局,草屯分局
502,南投縣草屯鎮坪林里平峰路（坪林段）,南投縣政府警察局,草屯分局
503,南投縣草屯鎮玉峰里博愛路（玉峰段）,南投縣政府警察局,草屯分局
504,南投縣草屯鎮新庄里墩煌路（新庄段）,南投縣政府警察局,草屯分局
505,南投縣草屯鎮中山公園停車場,南投縣政府警察局,草屯分局
506,南投縣草屯鎮防汎路烏溪河床（新豐段）,南投縣政府警察局,草屯分局
507,南投縣南投市中華路營盤路地下涵洞,南投縣政府警察局,中興分局
508,南投縣南投市省府路國光客運公司後方,南投縣政府警察局,中興分局
509,南投縣南投市環山路中興會堂旁,南投縣政府警察局,中興分局
510,南投縣南投市新興路德興國小旁,南投縣政府警察局,中興分局
511,南投縣埔里鎮中興大學實驗地帶,南投縣政府警察局,埔里分局
512,南投縣埔里鎮南港村五穀宮周邊地帶,南投縣政府警察局,埔里分局
513,南投縣埔里鎮溪南國小周圍地帶,南投縣政府警察局,埔里分局
514,南投縣竹山鎮集山路三段,南投縣政府警察局,竹山分局
515,南投縣竹山鎮雲林路段,南投縣政府警察局,竹山分局
516,南投縣竹山鎮菜園路段,南投縣政府警察局,竹山分局
517,南投縣竹山鎮大禮路段,南投縣政府警察局,竹山分局
518,南投縣竹山鎮集山路2段,南投縣政府警察局,竹山分局
519,南投縣竹山鎮育英路段,南投縣政府警察局,竹山分局
520,南投縣集集鎮林尾路一帶,南投縣政府警察局,集集分局
521,南投縣集集鎮名水路二段150至250號地段,南投縣政府警察局,集集分局
522,南投縣水里鄉北埔村中山路一段450至650號地段,南投縣政府警察局,集集分局
523,南投縣水里鄉中央村民生路35至75號地段,南投縣政府警察局,集集分局
524,南投縣水里鄉新城民權路250至450號地段,南投縣政府警察局,集集分局
525,南投縣水里鄉民權路100至250號地段,南投縣政府警察局,集集分局
526,南投縣水里鄉民族路300至500號地段,南投縣政府警察局,集集分局
527,南投縣水里鄉農富村大灣路雙土地公廟地段,南投縣政府警察局,集集分局
528,南投縣魚池鄉共和村五馬巷段,南投縣政府警察局,集集分局
529,南投縣集集鎮名水路二段251號附近一帶,南投縣政府警察局,集集分局
530,南投縣信義鄉東埔村東埔國小週邊地段,南投縣政府警察局,信義分局
531,南投縣信義鄉明德村陳有蘭溪東岸堤防地段,南投縣政府警察局,信義分局
532,南投縣仁愛鄉廬山國小周邊地帶,南投縣政府警察局,仁愛分局
533,南投縣仁愛鄉中正國小周邊地帶,南投縣政府警察局,仁愛分局
534,南投縣仁愛鄉平靜國小周邊地帶,南投縣政府警察局,仁愛分局
535,南投縣仁愛鄉仁愛高農周邊地帶,南投縣政府警察局,仁愛分局
536,南投縣仁愛鄉仁愛國中周邊地帶,南投縣政府警察局,仁愛分局
537,南投縣仁愛鄉親愛部落周邊地帶,南投縣政府警察局,仁愛分局
538,新竹市北區鐵道路二段166巷,新竹市警察局,第一分局
539,新竹市北區西大路,新竹市警察局,第一分局
540,新竹市北區北大路,新竹市警察局,第一分局
541,新竹市北區光華二街150巷,新竹市警察局,第一分局
542,新竹市東區民生路段,新竹市警察局,第二分局
543,新竹市東區中華路、民權路口,新竹市警察局,第二分局
544,新竹市東區公園路216巷口,新竹市警察局,第二分局
545,新竹市東區林森路、武昌街口,新竹市警察局,第二分局
546,新竹市東區北大路、光華街口,新竹市警察局,第二分局
547,新竹市東區光復路二段、南大路口,新竹市警察局,第二分局
548,新竹市東區光復路二段、食品路口,新竹市警察局,第二分局
549,新竹市東區民族路、東大路口,新竹市警察局,第二分局
550,新竹市東區中央路245巷,新竹市警察局,第二分局
551,新竹市東區千甲路,新竹市警察局,第二分局
552,新竹市香山區經國路3段,新竹市警察局,第三分局
553,新竹市東區中山路,新竹市警察局,第三分局
554,新竹市香山區中華路4段,新竹市警察局,第三分局
555,新竹市東區南大路550巷,新竹市警察局,第三分局
556,新竹市東區武昌街建國公園,新竹市警察局,第三分局
557,新竹市香山區五福路一段、中華路六段口,新竹市警察局,第三分局
558,新竹市香山區遊樂街,新竹市警察局,第三分局
559,新竹市香山區國中街,新竹市警察局,第三分局
560,花蓮市中華國小周邊,花蓮縣警察局,花蓮分局
561,花蓮火車站周邊,花蓮縣警察局,花蓮分局
562,花蓮市重慶路,花蓮縣警察局,花蓮分局
563,花蓮縣壽豐鄉東新街豐正2段周邊,花蓮縣警察局,吉安分局
564,花蓮縣秀林鄉崇德村台九線,花蓮縣警察局,新城分局
565,花蓮縣秀林鄉富世村合流停車場,花蓮縣警察局,新城分局
566,花蓮縣光復鄉中山路三段89巷14號馬太鞍教會週邊,花蓮縣警察局,鳳林分局
567,花蓮縣光復鄉中山路三段75號光復國小棒球場週邊  ,花蓮縣警察局,鳳林分局
568,花蓮縣光復鄉林森路100號光復高職週邊,花蓮縣警察局,鳳林分局
569,花蓮縣富里鄉學田村學田橋旁鐵路涵洞內,花蓮縣警察局,玉里分局
570,花蓮縣玉里鎮玉富自行車鐵道,花蓮縣警察局,玉里分局
571,彰化縣花壇鄉長昇街,彰化縣警察局,彰化分局
572,彰化縣彰化市彰南路1段,彰化縣警察局,彰化分局
573,彰化縣彰化市自強南路,彰化縣警察局,彰化分局
574,彰化縣彰化市辭修路,彰化縣警察局,彰化分局
575,彰化縣彰化市中正路1段,彰化縣警察局,彰化分局
576,彰化縣彰化市大埔路,彰化縣警察局,彰化分局
577,彰化縣芬園鄉芬草路1段,彰化縣警察局,彰化分局
578,彰化縣彰化市建國東路,彰化縣警察局,彰化分局
579,彰化縣彰化市崙美路,彰化縣警察局,彰化分局
580,彰化縣彰化市金馬路,彰化縣警察局,彰化分局
581,彰化縣鹿港鎮臨海路3段,彰化縣警察局,鹿港分局
582,彰化縣福興鄉頂粘村頂粘街,彰化縣警察局,鹿港分局
583,溪湖鎮埔心鄉明聖路4段,彰化縣警察局,溪湖分局
584,彰化縣埔鹽鄉埔打路2巷,彰化縣警察局,溪湖分局
585,彰化縣大村鄉平和村山腳路,彰化縣警察局,員林分局
586,彰化縣永靖鄉五福路,彰化縣警察局,員林分局
587,彰化縣永靖鄉瑚璉路,彰化縣警察局,員林分局
588,彰化縣員林鎮山腳路4段,彰化縣警察局,員林分局
589,彰化縣員林鎮浮圳路2段,彰化縣警察局,員林分局
590,彰化縣員林鎮和平東街,彰化縣警察局,員林分局
591,彰化縣員林鎮林森路,彰化縣警察局,員林分局
592,彰化縣員林鎮中山路1段,彰化縣警察局,員林分局
593,彰化縣員林鎮員水路2段,彰化縣警察局,員林分局
594,彰化縣員林鎮建國路,彰化縣警察局,員林分局
595,彰化縣伍伯村過圳路,彰化縣警察局,田中分局
596,彰化縣田中鎮民光路1段,彰化縣警察局,田中分局
597,彰化縣田中鎮中州路1段,彰化縣警察局,田中分局
598,彰化縣田尾鄉大廉村江蘇路,彰化縣警察局,北斗分局
599,彰化縣埤頭鄉埤頭路,彰化縣警察局,北斗分局
600,彰化縣田尾鄉光復路1段,彰化縣警察局,北斗分局
601,彰化縣田尾鄉民生路一段,彰化縣警察局,北斗分局
602,彰化縣和美鎮孝義路,彰化縣警察局,和美分局
603,彰化縣線西鄉道周路,彰化縣警察局,和美分局
604,彰化縣和美鎮仁美路,彰化縣警察局,和美分局
605,臺中市西區民生路周邊,臺中市政府警察局,第一分局
606,臺中市北區雙十路路段(臺中一中側門)周邊,臺中市政府警察局,第二分局
607,臺中市北區臺電街路段周邊,臺中市政府警察局,第二分局
608,臺中市北區曉明女中周邊,臺中市政府警察局,第二分局
609,臺中市北區篤行國小周邊,臺中市政府警察局,第二分局
610,臺中市北區梅亭街周邊,臺中市政府警察局,第二分局
611,臺中市復興路四段,臺中市政府警察局,第三分局
612,臺中市旱溪東路段,臺中市政府警察局,第三分局
613,臺中市興大路段與國光路段週邊,臺中市政府警察局,第三分局
614,臺中市嶺東科技大學第二校區周邊,臺中市政府警察局,第四分局
615,臺中市南屯區惠中路,臺中市政府警察局,第四分局
616,臺中市南屯區文山街,臺中市政府警察局,第四分局
617,臺中市南屯區南屯路,臺中市政府警察局,第四分局
618,臺中市南屯區博愛街,臺中市政府警察局,第四分局
619,臺中市南屯區大墩南路號,臺中市政府警察局,第四分局
620,臺中市南屯區大墩十一街,臺中市政府警察局,第四分局
621,臺中市北屯區兒童公周邊,臺中市政府警察局,第五分局
622,臺中市北屯區北新國中周邊,臺中市政府警察局,第五分局
623,臺中市北屯區823公園周邊,臺中市政府警察局,第五分局
624,臺中市北屯區四張農村公園周邊,臺中市政府警察局,第五分局
625,臺中市北屯區大德國中周邊,臺中市政府警察局,第五分局
626,臺中市西屯區長安路一段,臺中市政府警察局,第六分局
627,臺中市西屯區福星路,臺中市政府警察局,第六分局
628,臺中市西屯區河南路2段,臺中市政府警察局,第六分局
629,臺中市西屯區臺灣大道4段,臺中市政府警察局,第六分局
630,臺中市西屯區文華路,臺中市政府警察局,第六分局
631,臺中市西屯區福科路,臺中市政府警察局,第六分局
632,臺中市西屯區弘孝路,臺中市政府警察局,第六分局
633,臺中市西屯區市政路,臺中市政府警察局,第六分局
634,臺中市西屯區市政南一路,臺中市政府警察局,第六分局
635,臺中市豐原區三豐路,臺中市政府警察局,豐原分局
636,臺中市豐原區成功路,臺中市政府警察局,豐原分局
637,臺中市豐原區中正公園,臺中市政府警察局,豐原分局
638,臺中市豐原區三陽公園,臺中市政府警察局,豐原分局
639,臺中市豐原區翁明公園,臺中市政府警察局,豐原分局
640,臺中市豐原區向陽路與豐東路口,臺中市政府警察局,豐原分局
641,臺中市豐原區東北街25巷口,臺中市政府警察局,豐原分局
642,臺中市潭子區昌平路三段與雅潭路三段口,臺中市政府警察局,豐原分局
643,臺中市潭子區南門街,臺中市政府警察局,豐原分局
644,臺中市大雅區月祥路,臺中市政府警察局,豐原分局
645,臺中市大雅區雅潭路,臺中市政府警察局,豐原分局
646,臺中市神岡區大漢街31巷口,臺中市政府警察局,豐原分局
647,臺中市清水區中山路與北寧路口,臺中市政府警察局,清水分局
648,臺中市外埔區甲后路與甲后路35巷口,臺中市政府警察局,大甲分局
649,臺中市大甲區中山路二段與慈德路口,臺中市政府警察局,大甲分局
650,臺中市太平區太提東路與光興路口,臺中市政府警察局,太平分局
651,臺中市太平區光德路與德明路口,臺中市政府警察局,太平分局
652,臺中市太平區精美路,臺中市政府警察局,太平分局
653,臺中市太平區宜欣十街,臺中市政府警察局,太平分局
654,臺中市舊東勢高工校區,臺中市政府警察局,東勢分局
655,臺中市新社區興安路,臺中市政府警察局,東勢分局
656,臺中市石岡區豐勢路,臺中市政府警察局,東勢分局
657,臺中市軍人公墓附近（新社區協成里興隆街）,臺中市政府警察局,東勢分局
658,臺中市烏日區高鐵周邊,臺中市政府警察局,烏日分局
659,臺中市烏日區太明路成豐巷往霧峰路段,臺中市政府警察局,烏日分局
660,臺中市大肚區沙田路1段福山百姓公祠公墓,臺中市政府警察局,烏日分局
661,臺中市大肚區遊園路一段台中區監理所附近,臺中市政府警察局,烏日分局
662,臺中市龍井區龍港路污水處理廠周邊,臺中市政府警察局,烏日分局
663,臺中市龍井區水裡港巷附近麗水大斑池後方,臺中市政府警察局,烏日分局
664,嘉義縣民雄鄉建國路一段麥當勞附近,嘉義縣警察局,民雄分局
665,嘉義縣溪口鄉溪口大橋附近,嘉義縣警察局,民雄分局
666,嘉義縣中埔鄉和興村赤蘭溪西側堤防,嘉義縣警察局,中埔分局
667,嘉義縣中埔鄉和美村八掌溪堤防,嘉義縣警察局,中埔分局
668,嘉義縣中埔鄉裕民村「大有國小」產業道路,嘉義縣警察局,中埔分局
669,嘉義縣中埔鄉裕民村「成輝砂石場」產業道路,嘉義縣警察局,中埔分局
670,嘉義縣中埔鄉社口村「吳鳳廟」前,嘉義縣警察局,中埔分局
671,嘉義縣仁義潭水庫環潭道路,嘉義縣警察局,中埔分局
672,嘉義縣番路鄉民和村半天岩「紫雲寺」公園區,嘉義縣警察局,中埔分局
673,嘉義縣番路鄉觸口村天長地久,嘉義縣警察局,中埔分局
674,嘉義縣義竹鄉布袋鎮八掌溪堤防防汛道路周邊,嘉義縣警察局,布袋分局
675,嘉義縣竹崎鄉文峰村觀音瀑布周邊,嘉義縣警察局,竹崎分局
676,嘉義縣阿里山鄉里佳村大同山地周邊,嘉義縣警察局,竹崎分局
677,嘉義縣竹崎鄉灣橋村田尾掩埋場(垃圾場),嘉義縣警察局,竹崎分局
678,嘉義縣梅山鄉太興村橫山,嘉義縣警察局,竹崎分局
679,嘉義縣竹崎鄉竹崎村復興路,嘉義縣警察局,竹崎分局
680,嘉義縣梅山鄉雙溪村芎蕉山與民雄交界處,嘉義縣警察局,竹崎分局
681,嘉義縣梅山鄉瑞里村瑞太遊客服務中心周邊,嘉義縣警察局,竹崎分局
682,嘉義縣水上鄉柳林國小周邊,嘉義縣警察局,水上分局
683,嘉義縣太保市崙頂里往安仁里產業道路,嘉義縣警察局,水上分局
684,嘉義縣太保市北新里往溪底寮產業道路,嘉義縣警察局,水上分局
685,嘉義縣朴子市長庚紀念醫院周邊雙溪段,嘉義縣警察局,朴子分局
686,嘉義縣朴子市嘉168線大鄉段,嘉義縣警察局,朴子分局
687,嘉義縣朴子市體育館,嘉義縣警察局,朴子分局
688,桃園市桃園區永安北路500號（瑞慶公園）,桃園市政府警察局,桃園分局
689,桃園市桃園區中正五街與北埔路口（永康公園一帶）,桃園市政府警察局,桃園分局
690,桃園市桃園區長壽街往三民陸橋方向,桃園市政府警察局,桃園分局
691,桃園市桃園區中正路48巷至62巷路段（舊遠東大樓）,桃園市政府警察局,桃園分局
692,桃園市桃園區安樂街往安東街一帶,桃園市政府警察局,桃園分局
693,桃園市桃園區向善街往大有路方向一帶,桃園市政府警察局,桃園分局
694,桃園市桃園區峨眉四街往山區方向沿線,桃園市政府警察局,桃園分局
695,桃園市桃園區幸福路一帶,桃園市政府警察局,桃園分局
696,桃園市桃園區建成街一帶（建成公園）,桃園市政府警察局,桃園分局
697,桃園市桃園區陽明公園（長沙街、保羅街）,桃園市政府警察局,桃園分局
698,桃園市桃園區後火車站（福安街、吉林路）,桃園市政府警察局,桃園分局
699,桃園市桃園區福吉一街一帶（台灣銀行）,桃園市政府警察局,桃園分局
700,桃園市桃園區福吉二街一帶（桃園客運）,桃園市政府警察局,桃園分局
701,桃園市桃園區福吉三街、福吉二街（福安公園）,桃園市政府警察局,桃園分局
702,桃園市桃園區立圖書館沿線,桃園市政府警察局,桃園分局
703,桃園市桃園區三民路與中福街至三民路與莒光接口一帶,桃園市政府警察局,桃園分局
704,桃園市桃園區宏昌十三街沿線,桃園市政府警察局,桃園分局
705,桃園市桃園區仁愛路沿線,桃園市政府警察局,桃園分局
706,桃園市桃園區國際路沿線,桃園市政府警察局,桃園分局
707,桃園市桃園區中山東路126巷沿線,桃園市政府警察局,桃園分局
708,桃園市桃園區自強路沿線,桃園市政府警察局,桃園分局
709,桃園市桃園區大業路至福元街口,桃園市政府警察局,桃園分局
710,桃園市桃園區朝陽街（朝陽公園）沿線,桃園市政府警察局,桃園分局
711,桃園市桃園區大有路（大有路與民有東路）沿線,桃園市政府警察局,桃園分局
712,桃園市大園區大園鄉國際路一段附近,桃園市政府警察局,大園分局
713,桃園市觀音區成功路一段附近,桃園市政府警察局,大園分局
714,桃園市大溪區大溪國小周邊,桃園市政府警察局,大溪分局
715,桃園市大溪區康莊路,桃園市政府警察局,大溪分局
716,桃園市中壢區中福藝術園區,桃園市政府警察局,中壢分局
717,桃園市中壢區文德路、洽溪路口(青塘園),桃園市政府警察局,中壢分局
718,桃園市新屋區蚵間村綠色隧道,桃園市政府警察局,楊梅分局
719,桃園市楊梅區比佛利社區,桃園市政府警察局,楊梅分局
720,桃園市楊梅區楊湖路1段676巷,桃園市政府警察局,楊梅分局
721,桃園市楊梅區中正與成功路口,桃園市政府警察局,楊梅分局
722,桃園市新屋區新生公園,桃園市政府警察局,楊梅分局
723,桃園市新屋區中山東路2段梅高路三角點,桃園市政府警察局,楊梅分局
724,桃園市楊梅區兒八公園,桃園市政府警察局,楊梅分局
725,桃園市平鎮區中豐路山頂段、東豐路與山福路區段,桃園市政府警察局,平鎮分局
726,桃園市龜山區大坑路三段附近,桃園市政府警察局,龜山分局
727,桃園市龜山區萬壽路一段300號至400號一帶,桃園市政府警察局,龜山分局
728,桃園市龜山區萬壽路一段100號至200號一帶,桃園市政府警察局,龜山分局
729,桃園市龜山區復興一路200號至300號一帶 ,桃園市政府警察局,龜山分局
730,桃園市八德區介壽路二段1022巷周遭,桃園市政府警察局,八德分局
731,桃園市八德區豐德一路周遭,桃園市政府警察局,八德分局
732,桃園市八德區陸光街,桃園市政府警察局,八德分局
733,桃園市八德區仁德路,桃園市政府警察局,八德分局
734,桃園市八德區興豐公園 ,桃園市政府警察局,八德分局
735,桃園市八德區桃鶯路,桃園市政府警察局,八德分局
736,桃園市蘆竹區中正路,桃園市政府警察局,蘆竹分局
737,桃園市蘆竹區南崁路一段,桃園市政府警察局,蘆竹分局
738,桃園市蘆竹區南崁路二段,桃園市政府警察局,蘆竹分局
739,桃園市蘆竹區南山路一段,桃園市政府警察局,蘆竹分局
740,桃園市蘆竹區南山路二段,桃園市政府警察局,蘆竹分局
741,桃園市蘆竹區愛國一路,桃園市政府警察局,蘆竹分局
742,桃園市蘆竹區大竹路,桃園市政府警察局,蘆竹分局
743,桃園市蘆竹區長興路一段,桃園市政府警察局,蘆竹分局
744,桃園市蘆竹區大興路,桃園市政府警察局,蘆竹分局
745,桃園市蘆竹區山林路一段,桃園市政府警察局,蘆竹分局
746,桃園市蘆竹區海山路二段,桃園市政府警察局,蘆竹分局
747,桃園市蘆竹區洛陽街近桃園街口,桃園市政府警察局,蘆竹分局
748,桃園市蘆竹區南福街與南福街60巷口,桃園市政府警察局,蘆竹分局
749,桃園市蘆竹區南崁溪步道,桃園市政府警察局,蘆竹分局
750,桃園市蘆竹區洛陽街與南平街口,桃園市政府警察局,蘆竹分局
751,桃園市蘆竹區忠孝西路與南昌路口,桃園市政府警察局,蘆竹分局
752,苗栗縣苗栗市和興街忠孝路口一帶,苗栗縣警察局,苗栗分局
753,苗栗縣苗栗市建功里忠孝路段卡拉OK,苗栗縣警察局,苗栗分局
754,苗栗縣苗栗市英才路文發路口,苗栗縣警察局,苗栗分局
755,苗栗縣苗栗市大同里西勢美南地區,苗栗縣警察局,苗栗分局
756,苗栗縣苗栗市高苗里中正路與光復路口一帶,苗栗縣警察局,苗栗分局
757,苗栗縣公館鄉五穀村苗栗交流道周邊,苗栗縣警察局,苗栗分局
758,苗栗縣公館鄉大同路與榮光路口商業大樓,苗栗縣警察局,苗栗分局
759,苗栗縣頭屋鄉明德水庫東側苗一二六線,苗栗縣警察局,苗栗分局
760,苗栗縣銅鑼鄉九湖村九華山佛教聖地路段,苗栗縣警察局,苗栗分局
761,苗栗縣銅鑼鄉中平村中興一街中興工業區,苗栗縣警察局,苗栗分局
762,苗栗縣銅鑼鄉中平村客屬大橋周邊,苗栗縣警察局,苗栗分局
763,苗栗縣三義鄉勝興村勝興車站周邊,苗栗縣警察局,苗栗分局
764,苗栗縣三義鄉雙湖村台十三線（與銅鑼鄉交界）,苗栗縣警察局,苗栗分局
765,苗栗縣三義鄉鯉魚潭村台十三線路段,苗栗縣警察局,苗栗分局
766,苗栗縣三義鄉西湖村車亭休息站周邊,苗栗縣警察局,苗栗分局
767,苗栗縣竹南鎮竹南火車站前中山路、博愛街口,苗栗縣警察局,竹南分局
768,苗栗縣竹南鎮新南里公園周邊電玩、酒店,苗栗縣警察局,竹南分局
769,苗栗縣竹南鎮公園二街、公園路口周邊酒店,苗栗縣警察局,竹南分局
770,苗栗縣竹南鎮龍鳳里龍鳳漁港周邊河堤,苗栗縣警察局,竹南分局
771,苗栗縣竹南鎮照南里自由街、光復路附近網咖,苗栗縣警察局,竹南分局
772,苗栗縣竹南鎮竹興里假日之森公園附近,苗栗縣警察局,竹南分局
773,苗栗縣竹南鎮港墘里活動中心週遭河堤,苗栗縣警察局,竹南分局
774,苗栗縣頭份鎮中正路上公園,苗栗縣警察局,頭份分局
775,苗栗縣頭份鎮中正路下公園,苗栗縣警察局,頭份分局
776,苗栗縣頭份鎮中華路交流道附近檳榔攤,苗栗縣警察局,頭份分局
777,苗栗縣頭份鎮銀河路地區酒店、KTV,苗栗縣警察局,頭份分局
778,苗栗縣頭份鎮後庄地區酒店、KTV、汽車旅館,苗栗縣警察局,頭份分局
779,苗栗縣頭份鎮中正路地區檳榔攤,苗栗縣警察局,頭份分局
780,苗栗縣頭份鎮中華路地區檳榔攤,苗栗縣警察局,頭份分局
781,苗栗縣通霄鎮五南里中山路三段周邊,苗栗縣警察局,通霄分局
782,苗栗縣通霄鎮火車站周邊,苗栗縣警察局,通霄分局
783,苗栗縣苑裡鎮世界路與建國路口周邊,苗栗縣警察局,通霄分局
784,苗栗縣苑裡鎮火車站周邊,苗栗縣警察局,通霄分局
785,苗栗縣大湖鄉中原路5巷小公園,苗栗縣警察局,大湖分局
786,苗栗縣卓蘭鎮中正路、昭永路口,苗栗縣警察局,大湖分局
787,苗栗縣獅潭鄉台三線114.5公里處,苗栗縣警察局,大湖分局
788,苗栗縣泰安鄉苗62縣清安村洗水坑周邊,苗栗縣警察局,大湖分局
789,新北市三重區中正北路,新北市政府警察局,三重分局
790,新北市三峽區國光街,新北市政府警察局,三峽分局
791,新北市三峽區長泰街,新北市政府警察局,三峽分局
792,新北市土城區金城路,新北市政府警察局,土城分局
793,新北市中和區福祥,新北市政府警察局,中和第一分局
794,新北市中和區秀朗路,新北市政府警察局,中和第一分局
795,新北市中和區忠孝街,新北市政府警察局,中和第一分局
796,新北市中和區景平路,新北市政府警察局,中和第一分局
797,新北市中和區保健路,新北市政府警察局,中和第一分局
798,新北市中和區圓通路,新北市政府警察局,中和第二分局
799,新北市汐止區合順街,新北市政府警察局,汐止分局
800,新北市板橋區三民路段,新北市政府警察局,海山分局
801,新北市板橋區龍泉街,新北市政府警察局,海山分局
802,新北市板橋區懷德街,新北市政府警察局,海山分局
803,新北市板橋區文化路段,新北市政府警察局,海山分局
804,新北市板橋區長江路段,新北市政府警察局,海山分局
805,新北市淡水區民生路段,新北市政府警察局,淡水分局
806,新北市新莊區民安西路,新北市政府警察局,新莊分局
807,新北市蘆洲區集賢路段,新北市政府警察局,蘆洲分局
808,新北市蘆洲區民義街段,新北市政府警察局,蘆洲分局
